{
    "LinearRegression": 0.9372975155452961,
    "Lasso": 0.9372637996466201,
    "Ridge": 0.9372968620700983,
    "Elasticnet": 0.8540772247198525,
    "DecisionTree": 0.9574922988221244
}